{"cameraMode":{"drawMode":0,"name":"Shaded","section":"Shading Mode"},"sceneLighting":true,"audioPlay":false,"sceneViewState":{"m_AlwaysRefresh":false,"showFog":true,"showSkybox":true,"showFlares":true,"showImageEffects":true,"showParticleSystems":true,"showVisualEffectGraphs":true,"m_FxEnabled":true},"in2DMode":false,"pivot":{"x":43.543540954589847,"y":-3.1670358180999758,"z":76.26681518554688},"rotation":{"x":-0.025098521262407304,"y":-0.7273279428482056,"z":0.026648152619600297,"w":-0.6855177879333496},"size":5.371393203735352,"orthographic":false}