{"cameraMode":{"drawMode":0,"name":"Shaded","section":"Shading Mode"},"sceneLighting":true,"audioPlay":false,"sceneViewState":{"m_AlwaysRefresh":false,"showFog":true,"showSkybox":true,"showFlares":true,"showImageEffects":true,"showParticleSystems":true,"showVisualEffectGraphs":true,"m_FxEnabled":true},"in2DMode":false,"pivot":{"x":32.54420852661133,"y":-2.3446881771087648,"z":76.75395202636719},"rotation":{"x":-0.0013449368998408318,"y":-0.985296905040741,"z":0.17137685418128968,"w":-0.008722933940589428},"size":0.012917549349367619,"orthographic":false}