{"cameraMode":{"drawMode":0,"name":"Shaded","section":"Shading Mode"},"sceneLighting":true,"audioPlay":false,"sceneViewState":{"m_AlwaysRefresh":false,"showFog":true,"showSkybox":true,"showFlares":true,"showImageEffects":true,"showParticleSystems":true,"showVisualEffectGraphs":true,"m_FxEnabled":true},"in2DMode":false,"pivot":{"x":37.302513122558597,"y":-3.304055690765381,"z":74.06970977783203},"rotation":{"x":0.21102067828178407,"y":0.05802161991596222,"z":-0.012549345381557942,"w":0.9756794571876526},"size":1.3876094818115235,"orthographic":false}