{"cameraMode":{"drawMode":0,"name":"Shaded","section":"Shading Mode"},"sceneLighting":true,"audioPlay":false,"sceneViewState":{"m_AlwaysRefresh":false,"showFog":true,"showSkybox":true,"showFlares":true,"showImageEffects":true,"showParticleSystems":true,"showVisualEffectGraphs":true,"m_FxEnabled":true},"in2DMode":false,"pivot":{"x":37.54800033569336,"y":-3.2864458560943605,"z":70.98275756835938},"rotation":{"x":0.08529547601938248,"y":0.8708221912384033,"z":-0.16190283000469209,"w":0.456663578748703},"size":0.19704563915729524,"orthographic":false}