{"cameraMode":{"drawMode":0,"name":"Shaded","section":"Shading Mode"},"sceneLighting":true,"audioPlay":false,"sceneViewState":{"m_AlwaysRefresh":false,"showFog":true,"showSkybox":true,"showFlares":true,"showImageEffects":true,"showParticleSystems":true,"showVisualEffectGraphs":true,"m_FxEnabled":true},"in2DMode":false,"pivot":{"x":42.61724090576172,"y":-3.9222216606140138,"z":60.377098083496097},"rotation":{"x":0.047538746148347858,"y":0.8291944265365601,"z":-0.07131308317184448,"w":0.552395761013031},"size":8.883055686950684,"orthographic":false}