{"cameraMode":{"drawMode":0,"name":"Shaded","section":"Shading Mode"},"sceneLighting":true,"audioPlay":false,"sceneViewState":{"m_AlwaysRefresh":false,"showFog":true,"showSkybox":true,"showFlares":true,"showImageEffects":true,"showParticleSystems":true,"showVisualEffectGraphs":true,"m_FxEnabled":true},"in2DMode":false,"pivot":{"x":37.21001434326172,"y":-3.2343106269836427,"z":71.44445037841797},"rotation":{"x":0.17573966085910798,"y":0.6744555234909058,"z":-0.16963109374046327,"w":0.6970176696777344},"size":0.5423023700714111,"orthographic":false}