{"cameraMode":{"drawMode":0,"name":"Shaded","section":"Shading Mode"},"sceneLighting":true,"audioPlay":false,"sceneViewState":{"m_AlwaysRefresh":false,"showFog":true,"showSkybox":true,"showFlares":true,"showImageEffects":true,"showParticleSystems":true,"showVisualEffectGraphs":true,"m_FxEnabled":true},"in2DMode":false,"pivot":{"x":34.40157699584961,"y":-3.3514981269836427,"z":71.32202911376953},"rotation":{"x":0.005048105958849192,"y":0.991488516330719,"z":-0.04048645868897438,"w":0.1240350753068924},"size":0.6609839200973511,"orthographic":false}